"Name","Ratings","Best Services","Remarks","Location","Website","Phone"
"Phone Repairs n More - Katy (iPhone repair, Samsung repair, iPad repair, Computer repair)","5 (479)","[Screen Repair, Battery Replacement, Fast Repairs]","Quick & Affordable","Katy, TX","N/A","(346) 743-0390"
"Houston Phone Doctors - West (We Come To You)","4.9 (431)","[Battery Replacement, Screen Repair, Mobile Repair]","Fast & Reliable","Katy, TX","N/A","(832) 965-7880"
"iREPAIR iFIX","5 (130)","[Screen Repair, Battery Replacement, Water Damage]","Fast, Reliable Repairs","Katy, TX","N/A","(281) 574-2436"
"Fix My Phone","4.6 (611)","[Screen Repair, Battery Replacement, Water Damage]","Fast, Reliable Repairs","Katy, TX","N/A","(281) 394-5499"
"XG Cell Phone Repair - Katy, Texas | (iPhone, iPad & Apple Watch Repair)","4.9 (750)","[Screen Repair, Battery Replacement, Apple Watch Repair]","Fast & Affordable","Katy, TX","N/A","(832) 974-4967"
"Technoman Repair & Services","4.3 (143)","[Screen Repair, Battery Replacement, Water Damage]","Fast, Reliable Repairs","Lakewood, NJ","N/A","(732) 961-6064"
"Lakewood Phone & Tech","5 (1)","[Screen Repair, Battery Replacement, Water Damage]","Fast, Reliable Repairs","Lakewood, NJ","N/A","(732) 655-2355"
"iRepair4U LLC","5 (68)","[Screen Repair, Battery Replacement, Water Damage]","Fast, Reliable Repairs","Jackson Township, NJ","N/A","(732) 330-3038"
"Total Wireless","4.8 (104)","[Screen Repair, Battery Replacement, Water Damage]","Fast, Reliable Repairs","Lakewood, NJ","N/A","(848) 222-4927"
"JS phone repair","5 (624)","[Screen Repair, Battery Replacement, Water Damage]","Fast, Reliable Service","Brick Township, NJ","N/A","(732) 551-9960"
"XG Cell Phone Repair - Katy, Texas | (iPhone, iPad & Apple Watch Repair)","4.9 (750)","[Screen Repair, Battery Replacement, Apple Watch Repair]","Fast & Reliable","Katy, TX","N/A","(832) 974-4967"
"Phone Repairs n More - Katy (iPhone repair, Samsung repair, iPad repair, Computer repair)","5 (479)","[Screen Repair, Battery Replacement, iPhone Repair]","Fast & Fair","Katy, TX","N/A","(346) 743-0390"
"Fix My Phone","4.6 (611)","[Screen Repair, Battery Replacement, Quick Repairs]","Fast & Reliable","Katy, TX","N/A","(281) 394-5499"
"Houston Phone Doctors - West (We Come To You)","4.9 (431)","[Battery Replacement, Screen Repair, Mobile Repair]","Fast & Reliable","Katy, TX","N/A","(832) 965-7880"
"iREPAIR iFIX","5 (130)","[Screen Repair, Battery Replacement, Phone Diagnostics]","Reliable, Quick Fixes","Katy, TX","N/A","(281) 574-2436"
"TECH PFIX","4.9 (568)","[Screen Repair, Battery Replacement, iPhone Repair]","Fast & Affordable","Pflugerville, TX","N/A","(512) 788-3276"
"SOS Cell Repair","4.7 (126)","[Battery Replacement, Screen Repair, iPhone Repair]","Reliable, Fast Service","Pflugerville, TX","N/A","(512) 969-5058"
"Cellairis Phone Repair Inside Walmart - Pflugerville","4.9 (657)","[Screen Repair, Battery Replacement, Fast Repairs]","Quick & Reliable","Pflugerville, TX","N/A","(512) 797-4072"
"Austin Cell and Tablet Repair","4.7 (278)","[Screen Repair, Battery Replacement, Fast Repair]","Fast Turnaround Time","Pflugerville, TX","N/A","(512) 670-2355"
"CellFix79 - Cell Phone Repair Round Rock","4.9 (819)","[Screen Repair, Battery Replacement, Fast Repairs]","Fast & Affordable","Round Rock, TX","N/A","(512) 605-1969"
"Techy Cypress","5 (2200)","[Screen Repair, Battery Replacement, Phone Refurbishing]","Fast & Reliable","Cypress, TX","N/A","(682) 704-6424"
"Tech Repair Fairfield - iPhones Repair / Android Phones Repair & Computer - Tablets Repairs - (INSIDE HEB) FREE ESTIMATES","5 (2100)","[Screen Repair, Battery Replacement, Water Damage]","Highly Recommended Repairs","Cypress, TX","N/A","(281) 758-5899"
"Tech Savvy Cell Phone & Computer Repair - Barker Cypress (OUTSIDE HEB)","4.9 (2300)","[Screen Repair, Battery Replacement, Fast Repair]","Fast & Fair","Cypress, TX","N/A","(281) 256-7443"
"Fix Zone - Cell Phone & Computer Fix","4.8 (623)","[Screen Repair, Back Glass Repair, iPhone Repair]","Fast, Same-Day Service","Cypress, TX","N/A","(346) 424-8465"
"Tech Repair Cypress - iPhones Repair / Android Phones Repair & Computer Repair - Tablets Repair (inside HEB) FREE ESTIMATES","5 (437)","[Screen Repair, Phone Repair, Computer Repair]","Fast & Reliable","Cypress, TX","N/A","(346) 337-2343"
"CPR Cell Phone Repair","4.9 (761)","[Screen Repair, Battery Replacement, Diagnostic Service]","Quick & Reliable","5630 N Eldridge Pkwy #600","N/A","(832) 645-4428"
"Bright Cellphone Repair - Barker Cypress","4.8 (344)","[Screen Repair, Battery Replacement, iPhone Repair]","Fast, Reliable Service","6309 Barker Cypress Rd # B","N/A","(832) 296-9666"
"Katy Cell Phone Repair","4.4 (242)","[Charging Port Repair, Screen Repair, Battery Replacement]","Quick & Reliable","19728 Saums Rd Suite B","N/A","(832) 868-0547"
"MacN'Droid Copperfield","4.9 (688)","[Screen Repair, Battery Replacement, Fast Repairs]","Quick & Affordable","6608 Hwy 6 N SUITE D","N/A","(346) 808-0948"
"Device Fix Cell phones Repair & Computers Repair - Tablet Repair FREE Estimate","4.9 (563)","[Screen Repair, Battery Replacement, iPhone Repair]","Fair & Fast","16038 West Rd","N/A","(832) 427-6087"
"Xtreme Mobile Inc.","4.9 (254)","[Screen Repair, iPhone Repair, Fast Repair]","Fast & Reliable","Chicago, IL","N/A","(773) 581-8111"
"Simple Fix - Phone and Computer Repair","4.9 (297)","[Screen Repair, Android Repair, Phone Repair]","Fast & Reliable","Chicago, IL","N/A","(773) 424-4771"
"Fix my phone","5 (21)","[Screen Repair, Battery Replacement, Phone Diagnostics]","Great Value Repair","Chicago, IL","N/A","(312) 593-1786"
"I-Tech Phone Repair","5 (421)","[Screen Repair, Battery Replacement, Fast Repairs]","Quick & Reliable","Hometown, IL","N/A","(773) 886-4683"
"Fix My Phone","4.8 (189)","[Screen Repair, iPhone Repair, Quick Turnaround]","Fast & Reliable","Chicago, IL","N/A","(708) 983-8446"
"Flash Fix Inc Cellphone Repair & Computer Repair","4.9 (254)","[Charging Port Repair, iPhone Repair, Computer Repair]","Quick & Reliable","Elmhurst, NY","N/A","(718) 504-9661"
"Diamond Wireless Repair","4.4 (39)","[Screen Repair, Battery Replacement, Water Damage]","Fast, Reliable Repairs","Corona, NY","N/A","(718) 205-2708"
"The FIX - Queens Center","4.8 (1100)","[Screen Repair, Battery Replacement, Diagnostic Service]","Fast & Reliable","Elmhurst, NY","N/A","(646) 818-1168"
"iPhone Repair Queens | Repairbutlers","4.8 (72)","[Screen Repair, Battery Replacement, iPhone Repair]","Fast & Reliable","N/A","N/A","(347) 247-3771"
"GC wireless solutions inc","4.3 (43)","[Screen Repair, Phone Repair, Diagnostic Service]","Reliable Repair Service","Corona, NY","N/A","(917) 516-6354"
"Phone Tech","4.7 (253)","[Screen Repair, iPhone Repair, Mobile Repair]","Fast, Reliable Service","Fontana, CA","N/A","(909) 642-3036"
"iFx4u","4.6 (541)","[iPhone Screen Repair, Phone Repair, Smartphone Repair]","Quick, Reliable Fixes","Fontana, CA","N/A","(909) 829-1288"
"Repair iT","4.5 (327)","[Screen Repair, iPhone Repair, Fast Repairs]","Fast, Reliable Service","Fontana, CA","N/A","(909) 977-4003"
"Cellphone Repair","4.8 (1500)","[Screen Repair, Battery Replacement, Diagnostic Service]","Fast & Reliable","Rialto, CA","N/A","(909) 875-9185"
"iRepair Wireless","4.7 (938)","[Screen Repair, Battery Replacement, Diagnostic Services]","Fair & Reliable","Rialto, CA","N/A","(909) 258-3021"
"MOBILE PHONE REPAIR CENTER","4.9 (105)","[Screen Repair, Battery Replacement, Quick Repairs]","Fast & Reliable","Brooklyn, NY","N/A","(929) 392-8241"
"J&YElectronics - Brooklyn Mobile Phone Repair Store","4.8 (116)","[Screen Repair, Battery Replacement, Fast Repairs]","Fast & Reliable","Brooklyn, NY","N/A","(347) 295-4027"
"Pitkin Phone fix & print","4.8 (24)","[Screen Repair, Battery Replacement, Phone Cases]","Fast & Reliable","Brooklyn, NY","N/A","(718) 277-2871"
"Ozo Geeks - Mobile Laptop & Macbook Repair Service Store","4.6 (586)","[Screen Repair, Laptop Repair, Macbook Repair]","Fast & Reliable","Brooklyn, NY","N/A","(347) 338-2589"
"David Quick Repair","5 (494)","[Screen Repair, Battery Replacement, Fast Repairs]","Quick & Reliable","Brooklyn, NY","N/A","(917) 717-3851"
"CELL DEPOT","4.4 (202)","[Screen Repair, Battery Replacement, Phone Diagnostics]","Fair & Reliable","Antioch, TN","N/A","(615) 707-5954"
"Tennessee Wireless One Stop","5 (256)","[Screen Repair, Battery Replacement, Fast Repairs]","Fast & Affordable","Nashville, TN","N/A","(615) 719-4104"
"twireless","5 (380)","[Screen Repair, Battery Replacement, Fast Repair]","Lightning Fast Service","Nashville, TN","N/A","(615) 609-3975"
"iPhone Doctor - Nashville iPhone & Samsung Repair","4.5 (253)","[Screen Repair, Samsung Repair, iPhone Repair]","Fast, Reliable Fixes","Nashville, TN","N/A","(615) 877-7777"
"Total Wireless","4.8 (32)","[Screen Repair, iPhone Repair, Cell Phone Repair]","Fast, Reliable Service","Antioch, TN","N/A","(615) 891-1257"
"CPR Cell Phone Repair","4.8 (535)","[Screen Repair, Battery Replacement, Phone Restoration]","Fast & Reliable","New Braunfels, TX","N/A","(830) 214-0581"
"Mobile Phone Repair","4.9 (210)","[Screen Repair, Battery Replacement, Fast Repairs]","Fast & Reliable","New Braunfels, TX","N/A","(512) 808-3969"
"uBreakiFix - Phone and Computer Repair","4.5 (685)","[Screen Repair, iPhone Repair, Phone Repair]","Fast, Reliable Service","New Braunfels, TX","N/A","(830) 627-4207"
"Cellairis (#1 Certified Phone Repairs in Walmart New braunfels) iPhone, IPad, Tablets, Laptops, PC and Gaming Consoles","4.9 (1500)","[Screen Repair, Battery Replacement, iPhone Repair]","Unbeatable Price & Fast","New Braunfels, TX","N/A","(210) 573-1877"
"Mobile Phone Geeks","4.5 (248)","[Charging Port Repair, Screen Repair, Battery Replacement]","Fast, Reliable Service","New Braunfels, TX","N/A","(830) 620-4335"
"Cell Phone Repair","4.2 (274)","[Screen Repair, Battery Replacement, Quick Repair]","Fast & Affordable","El Paso, TX","N/A","(915) 787-9448"
"Cell Phone Repair, Screen Repair - Premier Wireless - Zaragosa","4.1 (592)","[Screen Repair, Cell Phone Repair, Fast Repair]","Fast & Reliable","El Paso, TX","N/A","(915) 345-1330"
"Cell Phone Repair, Screen Repair - Premier Wireless - Tierra Este","4.3 (246)","[Screen Repair, Phone Repair, Fast Repair]","Fast, Reliable Service","El Paso, TX","N/A","(915) 444-8422"
"Cell phone repair ,Samsung IPhone El Paso","4.7 (364)","[Screen Repair, Battery Replacement, Diagnostic Service]","Quick, Reliable Repairs","El Paso, TX","N/A","(915) 228-1351"
"uBreakiFix - Phone and Computer Repair","4.7 (816)","[Screen Repair, Battery Replacement, Phone Repair]","Fast & Reliable","El Paso, TX","N/A","(915) 304-0739"
"Phone Repair","4.6 (209)","[Screen Repair, Battery Replacement, Fast Repairs]","Quick & Reliable","Ridgewood, NY","N/A","(718) 386-2120"
"Fast Fix Phones LLC","4.9 (460)","[Screen Repair, Battery Replacement, Diagnostic Service]","Fast & Reliable","Ridgewood, NY","N/A","(860) 840-0239"
"Phone Repair","4.9 (36)","[Basic Troubleshooting, Screen Repair, Battery Replacement]","Helpful, Quick Service","Ridgewood, NY","N/A","(347) 221-8641"
"CPR Cell Phone Repair","4.9 (129)","[Screen Repair, Battery Replacement, Fast Repairs]","Quick & Reliable","Ridgewood, NY","N/A","(347) 384-2703"
"icanfixit","5 (317)","[Screen Repair, Battery Replacement, Water Damage]","Fast, Reliable Repairs","Glendale, NY","N/A","(347) 500-6666"
"Cellairis cellphone Phone Store Inside Walmart - Lawrenceville","4.9 (1300)","[Screen Repair, Phone Repair, Accessory Sales]","Fast & Reliable","Lawrenceville, GA","N/A","(470) 776-7665"
"uBreakiFix - Phone and Computer Repair","4.8 (1700)","[iPhone Repair, Screen Repair, Mobile Repair]","Fast & Convenient","Lawrenceville, GA","N/A","(770) 261-8569"
"Fix Phone Wireless inc BoostMobile Authorized. Phone Repair","4.8 (157)","[Screen Repair, Phone Repair, Boost Mobile Services]","Fast & Reliable","Lawrenceville, GA","N/A","(678) 226-1126"
"Cellgeon - Your Electronic Surgeon's","5 (316)","[Screen Repair, Battery Replacement, Fast Repairs]","Speedy & Reliable","Lawrenceville, GA","N/A","(470) 435-2660"
"Steven's Pro Phone Repair","4.7 (45)","[Screen Repair, Battery Replacement, Quick Fixes]","Fast & Reliable","Lawrenceville, GA","N/A","(470) 550-9791"
"iTech Repair Solutions","4.8 (448)","[Screen Repair, Battery Replacement, Fast Repairs]","Fast & Affordable","Winter Garden, FL","N/A","(407) 347-7894"
"Cell Care Phone Repair","4.9 (163)","[Screen Repair, Battery Replacement, Water Damage]","Fast, Reliable Repairs","Winter Garden, FL","N/A","(407) 347-7838"
"uBreakiFix - Phone and Computer Repair","4.9 (1400)","[Screen Repair, Battery Replacement, Water Damage]","Fast, Reliable Service","Windermere, FL","N/A","(407) 777-4410"
"uBreakiFix - Phone and Computer Repair","4.8 (1600)","[Screen Repair, Battery Replacement, Water Damage]","Fast, Reliable Repairs","Ocoee, FL","N/A","(321) 270-0600"
"Techy Ocoee: Phone Repair Service Inside Ocoee Walmart","4.9 (415)","[Screen Repair, Battery Replacement, Diagnostic Repair]","Reliable, Expert Fixes","Ocoee, FL","N/A","(407) 448-7515"
"Phone / Computer / Game Console Repair - QuickFix","4.8 (496)","[Screen Repair, Battery Replacement, Game Console Repair]","Fast, Reliable Service","Pittsburg, CA","N/A","(925) 436-3083"
"GeoWireless, LLC Phone & Tablet Repair Service","4.9 (252)","[Screen Repair, Battery Replacement, Fast Repair]","Fast & Reliable","Pittsburg, CA","N/A","(925) 301-3161"
"Touchdown Cellphones Repair","4.9 (74)","[Screen Repair, Battery Replacement, Phone Sales]","Great Value Deals","Pittsburg, CA","N/A","(925) 439-7894"
"Top Phone Repair & Laila Boutique - Cell Phone Repair & Screen Replacements","5 (186)","[Screen Repair, Battery Replacement, Phone Unlocking]","Fast & Reliable","Antioch, CA","N/A","(925) 219-4302"
"HJ TechFix Phone/Computer/PS5 HDMI Repairs","4.9 (155)","[Screen Repair, HDMI Repair, Phone Repair]","Fast, Reliable Service","Pittsburg, CA","N/A","(925) 421-4523"
"Mobile City CHEAPEST PHONE REPAIR","4.9 (460)","[Screen Repair, Battery Replacement, iPhone Repair]","Fast & Affordable","1612 W Washington Blvd","N/A","(323) 284-4844"
"Cellphone Repair & Boost Mobile Payment","4.9 (164)","[Screen Repair, Battery Replacement, Water Damage]","Fast, Reliable Repairs","2512 San Pedro St","N/A","(213) 745-4040"
"Fix & Flip Phone","4.9 (51)","[Screen Repair, Fast Repairs, Phone Troubleshooting]","Fast & Friendly","1916 San Pedro St","N/A","(213) 512-5512"
"LA iPhone Repair","4.8 (513)","[Screen Repair, Battery Replacement, Diagnostic Service]","Reliable, Repeat Business","2522 S Figueroa St","N/A","(213) 741-1000"
"Unlimited Wireless Repair","4.8 (34)","[Screen Repair, Battery Replacement, iPhone Repair]","Fast, Affordable Service","4105 S Central Ave","N/A","(323) 325-7773"
"cell phone repair Norwalk Dr Phone Plaza","4.8 (278)","[Screen Repair, Back Glass Repair, iPhone Repair]","Fast, Reliable Fixes","14000 Pioneer Blvd","N/A","(949) 742-5055"
"Iphone Repair Norwalk","4.5 (247)","[Screen Repair, iPhone Repair, LCD Repair]","Fast, Reliable Service","11904 Firestone Blvd","N/A","(562) 219-7817"
"Cellfix Wireless Norwalk","4.8 (75)","[Screen Repair, Battery Replacement, Diagnostic Service]","Fast & Reliable","Norwalk, CT","N/A","(203) 676-0006"
"ESM Cellphone, iPhone & Macbook Repair","4.5 (125)","[Screen Repair, iPhone Repair, Macbook Repair]","Reliable, Quick Fixes","Santa Fe Springs, CA","N/A","(562) 688-5438"
"Cheapest iPhone Repair","4.4 (196)","[Screen Repair, Battery Replacement, Diagnostic Service]","Fast, Affordable Repairs","Cerritos, CA","N/A","(562) 888-0338"
"Techy ( Inside HEB Plus! )","4.9 (45)","[Screen Repair, Battery Replacement, Diagnostic Services]","Quick & Reliable","Leander, TX","N/A","(737) 255-2150"
"Batteries Plus Phone Repair","5 (2)","[Screen Repair, Battery Replacement, Phone Repair]","Quick, Reliable Service","Leander, TX","N/A","N/A"
"The Cracked Apple of Austin","5 (25)","[Screen Repair, Battery Replacement, Phone Diagnostics]","Trusted, Reliable Repairs","N/A","N/A","(512) 708-0410"
"Cell Phone Repair","4.2 (274)","[Screen Repair, Battery Replacement, Quick Repair]","Fast & Affordable","El Paso, TX","N/A","(915) 787-9448"
"Cell Phone Repair, Screen Repair - Premier Wireless - Tierra Este","4.3 (246)","[Screen Repair, Phone Repair, Fast Repair]","Fast, Reliable Service","El Paso, TX","N/A","(915) 444-8422"
"Cell Phone Repair, Screen Repair - Premier Wireless - Zaragosa","4.1 (592)","[Screen Repair, Cell Phone Repair, Fast Repair]","Fast & Reliable","El Paso, TX","N/A","(915) 345-1330"
"Smartphone Solutions - Phone Repair El Paso","4.9 (1000)","[Screen Repair, Battery Replacement, Phone Refurbishing]","Fast, Reliable Repairs","El Paso, TX","N/A","(915) 219-8440"
"Cell phone repair ,Samsung IPhone El Paso","4.7 (364)","[Screen Repair, Battery Replacement, Diagnostic Service]","Quick, Reliable Repairs","El Paso, TX","N/A","(915) 228-1351"
"Flash Fix Inc Cellphone Repair & Computer Repair","4.9 (254)","[Charging Port Repair, iPhone Repair, Computer Repair]","Quick & Reliable","Elmhurst, NY","N/A","(718) 504-9661"
"The FIX - Queens Center","4.8 (1100)","[Screen Repair, Battery Replacement, iPhone Repair]","Fast, Reliable Service","Elmhurst, NY","N/A","(646) 818-1168"
"Phone repair & more","5 (11)","[Screen Repair, Battery Replacement, Diagnostic Service]","Quick & Reliable","Elmhurst, NY","N/A","(347) 990-0156"
"BOSS PHONE REPAIRS 4","5 (14)","[Screen Repair, Battery Replacement, Charging Port Repair]","Quick, Reliable Fixes","Elmhurst, NY","N/A","(929) 639-6155"
"HYRATECH Cellphone & Computer Repair","4.1 (67)","[Screen Repair, Battery Replacement, Diagnostic Services]","Fast, Reliable Repairs","Elmhurst, NY","N/A","(718) 898-9180"
"CPR Cell Phone Repair","5 (879)","[Screen Repair, Battery Replacement, Fast Repairs]","Quick & Reliable","League City, TX","N/A","(281) 878-9474"
"The Fix - Phone Repair, Tablet Repair and Accessories in Walmart League City","5 (758)","[Screen Repair, Battery Replacement, Water Damage]","Fast & Reliable","League City, TX","N/A","(281) 678-8130"
"uBreakiFix - Phone and Computer Repair","4.5 (725)","[Screen Repair, Battery Replacement, Fast Repairs]","Fast & Reliable","League City, TX","N/A","(281) 967-7671"
"CellPhone Repair Shop – Fast & Affordable","4.9 (667)","[Screen Repair, Battery Replacement, Water Damage]","Fast, Affordable Service","Webster, TX","N/A","(346) 644-5044"
"uBreakiFix - Phone and Computer Repair","4.8 (975)","[Screen Repair, Battery Replacement, Fast Repairs]","Quick & Reliable","Webster, TX","N/A","(281) 724-9711"
"CELL PHONE AND COMPUTER REPAIR","5 (234)","[Screen Repair, Battery Replacement, Fast Diagnostics]","Speedy, Reliable Fixes","Pacoima, CA","N/A","(818) 747-1453"
"Los Angeles Phone Freaks","4.6 (124)","[Screen Repair, Battery Replacement, House Calls]","Fast & Convenient","Sylmar, CA","N/A","(747) 207-0924"
"Cellphone Repair Center","3.1 (22)","[Screen Repair, Battery Replacement, Water Damage]","Fast, Reliable Repairs","Pacoima, CA","N/A","(818) 903-1489"
"wirelesscenter multiservices","4.4 (8)","[Screen Repair, OLED Repair, Port Repair]","Expert Tech Repair","Pacoima, CA","N/A","(818) 396-2277"
"Panda Mobile","5 (1)","[Screen Repair, Battery Replacement, Water Damage]","Fast, Reliable Repairs","Pacoima, CA","N/A","(818) 818-9812"
"Phone Tech","4.7 (253)","[Screen Repair, iPhone Repair, Mobile Repair]","Fast, Reliable Service","Fontana, CA","N/A","(909) 642-3036"
"iFx4u","4.6 (541)","[iPhone Screen Repair, Phone Repair, Smartphone Repair]","Quick, Reliable Fixes","Fontana, CA","N/A","(909) 829-1288"
"Cellphone Repair","4.8 (1500)","[Screen Repair, Battery Replacement, Diagnostic Service]","Fast & Reliable","Rialto, CA","N/A","(909) 875-9185"
"Repair iT","4.5 (327)","[Screen Repair, iPhone Repair, Fast Repairs]","Fast, Reliable Service","Fontana, CA","N/A","(909) 977-4003"
"A&J PhoneFix","4.7 (29)","[Screen Repair, Battery Replacement, Phone Restoration]","Premium Quality Repairs","Fontana, CA","N/A","(909) 471-3616"
"The Fix","4.9 (579)","[Charging Port Repair, Screen Repair, Battery Replacement]","Lightning Fast Repairs","Grand Prairie, TX","N/A","(908) 906-1596"
"uBreakiFix - Phone and Computer Repair","4.7 (1100)","[Screen Repair, Battery Replacement, Charging Port Repair]","Fast, Friendly Service","Grand Prairie, TX","N/A","(469) 660-1555"
"Celltech | Cell Phone Repair Grand Prairie TX","4.8 (396)","[Screen Repair, Cracked Screen, Fast Repair]","Fast & Reliable","Grand Prairie, TX","N/A","(469) 286-2572"
"GWIRELESS REPAIRS","4.9 (609)","[Screen Repair, Phone Repair, Glass Replacement]","Like New Again","Grand Prairie, TX","N/A","(972) 352-5333"
"Cellphone repairs","4.9 (136)","[Screen Repair, Phone Unlock, Quick Fixes]","Fast & Reliable","Grand Prairie, TX","N/A","(469) 716-9408"
"Ytech phone & computer repair 2","4.5 (102)","[Screen Repair, Phone Repair, Diagnostic Service]","Fast & Reliable","3092 White Plains Rd","N/A","(347) 280-8855"
"TIKITAKA WIRELESS & CELLPHONES REPAIR","4.9 (39)","[Screen Repair, Battery Replacement, Parts in Stock]","Fast & Reliable","305 E 204th St","N/A","(718) 684-2519"
"RepairRama.com","4.5 (92)","[Screen Repair, Battery Replacement, Fast Repairs]","Fast & Affordable","4372 White Plains Rd","N/A","(917) 207-2264"
"EZFIX Bronx","4.8 (1400)","[Screen Repair, iPhone Repair, Fast Repair]","Fast & Reliable","Mall at Bay Plaza, 200 Baychester Ave","N/A","(718) 320-3800"
"Sam Repair Wireless","4.6 (284)","[Screen Repair, Battery Replacement, Quick Fixes]","Fast & Reliable","78 Westchester Square","N/A","(929) 777-9130"
"Tech Savvy Cell Phone & Computer Repair - Barker Cypress (OUTSIDE HEB)","4.9 (2300)","[Screen Repair, Battery Replacement, Fast Repair]","Fast & Fair","Cypress, TX","N/A","(281) 256-7443"
"Techy Cypress","5 (2200)","[Screen Repair, Battery Replacement, Phone Refurbishing]","Fast & Reliable","Cypress, TX","N/A","(682) 704-6424"
"Tech Repair Cypress - iPhones Repair / Android Phones Repair & Computer Repair - Tablets Repair (inside HEB) FREE ESTIMATES","5 (437)","[Screen Repair, Phone Repair, Computer Repair]","Fast & Reliable","Cypress, TX","N/A","(346) 337-2343"
"Fix Zone - Cell Phone & Computer Fix","4.8 (623)","[Screen Repair, Back Glass Repair, iPhone Repair]","Fast, Same-Day Service","Cypress, TX","N/A","(346) 424-8465"
"uBreakiFix - Phone and Computer Repair","4.7 (1100)","[Screen Repair, Battery Replacement, Phone Restoration]","Reliable, Quick Fixes","Cypress, TX","N/A","(281) 758-1317"
"Phone Fixers","4.9 (1500)","[Screen Repair, Battery Replacement, Fast Repairs]","Fast & Affordable","San Antonio, TX","N/A","(210) 272-0471"
"CPR Cell Phone Repair","4.8 (854)","[Screen Repair, Battery Replacement, Phone Restoration]","Fast, Reliable Repairs","San Antonio, TX","N/A","(210) 600-4154"
"The Fix - Phone Repair, Tablet Repair and Accessories in Walmart San Antonio","4.9 (1100)","[Screen Repair, Battery Replacement, Phone Fixing]","Best Value Repair","San Antonio, TX","N/A","(210) 518-5569"
"Cell Care PhoneRepairs | Best Phone Repair Store in San Antonio, TX, USA","4.9 (658)","[Screen Repair, Battery Replacement, Water Damage]","Fast & Reliable","San Antonio, TX","N/A","(210) 383-7415"
"RepairLab Phone Repair ( We come to You)","5 (1)","[Screen Repair, Battery Replacement, Water Damage]","Convenient Mobile Service","N/A","N/A","(210) 789-2250"
"Flatbush phone repairing shop","5 (251)","[Screen Repair, Battery Replacement, Fast Repair]","Fast & Affordable","Brooklyn, NY","N/A","(718) 314-3368"
"American Wireless NYC","4.8 (256)","[Screen Repair, Battery Replacement, Fast Repairs]","Premium Quality Repairs","Brooklyn, NY","N/A","(929) 430-8302"
"Nyc Sunny Phone Fix","4.8 (87)","[Screen Repair, iPhone Repair, Fast Repair]","Fast & Reliable","Brooklyn, NY","N/A","(347) 240-6093"
"mobile repair shop inc","5 (46)","[Screen Repair, LCD Replacement, iPhone Repair]","Fast, Reliable Service","Brooklyn, NY","N/A","(718) 207-0088"
"Ozo Geeks - Mobile Laptop & Macbook Repair Service Store","4.6 (586)","[Screen Repair, Laptop Repair, Macbook Repair]","Fast & Reliable","Brooklyn, NY","N/A","(347) 338-2589"
"Mobile City CHEAPEST PHONE REPAIR","4.9 (460)","[Screen Repair, Battery Replacement, Fast Repair]","Quick & Reliable","1612 W Washington Blvd","N/A","(323) 284-4844"
"Repairs R US LLC","4.6 (71)","[Screen Repair, Battery Replacement, Quick Diagnostics]","Fast & Reliable","9603 S Vermont Ave","N/A","(323) 792-1254"
"Sunset iPhone Screen Repair Los Angeles","5 (1000)","[Screen Repair, iPhone Repair, Mobile Repair]","Fast, Reliable Service","West Hollywood, CA","N/A","(310) 855-2665"
"Never 2 Much Wireless","4.9 (320)","[Screen Repair, Battery Replacement, Diagnostic Service]","Fast & Reliable","4700 Crenshaw Blvd","N/A","(323) 293-9698"
"Cell City","4 (93)","[Screen Repair, Battery Replacement, Water Damage]","Fast, Reliable Service","9301 S Vermont Ave","N/A","(323) 755-1191"
"Flatbush phone repairing shop","5 (251)","[Screen Repair, Battery Replacement, Fast Repair]","Fast & Affordable","Brooklyn, NY","N/A","(718) 314-3368"
"NY iPhone Repairs","4.9 (279)","[Screen Repair, Battery Replacement, iPhone Repair]","Fast, Reliable Service","Brooklyn, NY","N/A","(718) 677-4343"
"Yoni Electronics","4.7 (140)","[Screen Repair, Water Damage, Logic Board Repair]","Expert, Reliable Repairs","Brooklyn, NY","N/A","(718) 305-5860"
"PHONE WORLD | Phone Repair | Passport Photo | Unlocked Phones | Money Transfer","4.9 (59)","[Screen Repair, Phone Unlock, Money Transfer]","Fast & Professional","Brooklyn, NY","N/A","(929) 207-2700"
"Mobile Evolution cellphone repair and accesories","4.8 (134)","[Screen Repair, Battery Replacement, Fast Repairs]","Speedy, Reliable Service","Brooklyn, NY","N/A","(718) 675-0278"
"Stop N' Fix It","4.9 (360)","[Screen Repair, iPhone Repair, Fast Repair]","Fast & Affordable","Staten Island, NY","N/A","(929) 877-9881"
"Smart Fix","4.9 (75)","[Screen Repair, Battery Replacement, Diagnostic Service]","Fast & Affordable","Staten Island, NY","N/A","(212) 518-6291"
"iFixScreens Victory Blvd","4.7 (889)","[Screen Repair, iPhone Repair, Mobile Repair]","Fast & Reliable","Staten Island, NY","N/A","(718) 981-8080"
"iPhone and laptop screen repair Staten Island","4.5 (50)","[Screen Repair, iPhone Repair, Laptop Repair]","Fast, Reliable Service","Staten Island, NY","N/A","(646) 770-0773"
"CPR Cell Phone Repair","5 (925)","[Screen Repair, Battery Replacement, Water Damage]","Fast, Reliable Repairs","Staten Island, NY","N/A","(929) 529-5020"
"Fast Cellular","3.8 (203)","[Screen Repair, iPhone Repair, Cell Phone Repair]","Affordable, Quick Fixes","Hawthorne, CA","N/A","(310) 844-4494"
"Phone Repair Squad","4.9 (32)","[Screen Repair, Battery Replacement, Fast Repairs]","Fast & Reliable","Hawthorne, CA","N/A","(310) 363-3833"
"Empire Phone Repair","5 (35)","[Screen Repair, Battery Replacement, Water Damage]","Fast & Reliable","Hawthorne, CA","N/A","(310) 341-9456"
"CPR Cell Phone Repair","5 (829)","[Screen Repair, Back Glass Repair, Phone Refurbishing]","Like New Results","Lawndale, CA","N/A","(310) 709-8586"
"Mobile Express Repair","5 (8)","[Screen Repair, Battery Replacement, Water Damage]","Fast, Reliable Repairs","Hawthorne, CA","N/A","(424) 498-1009"
"iFix'em Phone Repairs","4.3 (216)","[Charging Port Repair, Screen Repair, Battery Replacement]","Quick, Reliable Fixes","Queen Creek, AZ","N/A","(480) 619-8200"
"iFixandRepair - San Tan Valley","5 (895)","[Screen Repair, Battery Replacement, Fast Repair]","Quick & Reliable","San Tan Valley, AZ","N/A","(602) 486-3300"
"Batteries Plus Phone Repair","3.9 (13)","[Screen Repair, Battery Replacement, Phone Repair]","Fast, Reliable Service","Queen Creek, AZ","N/A","(480) 887-9972"
"Rapid iPhone Repair","4.8 (1400)","[Screen Repair, Battery Replacement, iPhone Repair]","Fast & Reliable","Gilbert, AZ","N/A","(480) 316-8679"
"iPhoneCPR - Mobile iPhone Repair","4.8 (108)","[Screen Repair, Screen Protector, Fast Repair]","Fast & Reliable","Mesa, AZ","N/A","(480) 319-5706"
"Los Angeles Phone Freaks","4.6 (124)","[Screen Repair, Battery Replacement, House Calls]","Fast & Convenient","12328 San Fernando Rd","N/A","(747) 207-0924"
"Simple Prepay Wireless Repair","4.8 (50)","[Screen Repair, Battery Replacement, Diagnostic Service]","Fast & Affordable","13376 Sayre St","N/A","(818) 326-0344"
"Mobile Vision Repairs - iPhone, iPad, Macbook, Microsoft, Xbox, PS4, PS5, Nintendo Repairs","4.7 (51)","[Screen Repair, Battery Replacement, Game Console Repair]","Fast, Reliable Repairs","12431 San Fernando Rd g","N/A","(818) 838-3000"
"CELL PHONE AND COMPUTER REPAIR","5 (234)","[Screen Repair, Battery Replacement, Fast Diagnostics]","Speedy, Reliable Fixes","13120 Van Nuys Blvd","N/A","(818) 747-1453"
"CPR Cell Phone Repair","4.9 (1700)","[Screen Repair, Battery Replacement, Fast Repairs]","Quick & Reliable","16204 Devonshire St","N/A","(818) 792-3355"
"Ozo Geeks - Mobile Laptop & Macbook Repair Service Store","4.6 (586)","[Screen Repair, Laptop Repair, Macbook Repair]","Fast & Reliable","Brooklyn, NY","N/A","(347) 338-2589"
"Flatbush phone repairing shop","5 (251)","[Screen Repair, Battery Replacement, Fast Repair]","Fast & Affordable","Brooklyn, NY","N/A","(718) 314-3368"
"Cell Phone Repair SKT","4.8 (270)","[Water Damage Repair, Screen Repair, Fast Repairs]","Fast & Reliable","Brooklyn, NY","N/A","(917) 858-0794"
"NEW LOTS WIRELESS & REPAIR SHOP","5 (45)","[iPhone Repair, Screen Repair, Mobile Repair]","Quick & Reliable","Brooklyn, NY","N/A","(646) 593-6180"
"J&YElectronics - Brooklyn Mobile Phone Repair Store","4.8 (116)","[Screen Repair, Battery Replacement, Fast Repairs]","Fast & Reliable","Brooklyn, NY","N/A","(347) 295-4027"
"uBreakiFix - Phone and Computer Repair","4.7 (1800)","[Screen Repair, Laptop Repair, Battery Replacement]","Fast, Reliable Fixes","New York, NY","N/A","(212) 903-4349"
"Fix And GO NY - Cell Phone and Computer Repair","4.9 (249)","[Screen Repair, Battery Replacement, Water Damage]","Fast & Affordable","New York, NY","N/A","(212) 203-7789"
"Amsterdam iPhone & iPad Screen Repair","4.7 (254)","[Screen Repair, iPhone Repair, iPad Repair]","Lightning Fast Service","New York, NY","N/A","(212) 933-9396"
"Repair Station - Phone, Tablet, Computer","4.8 (18)","[Screen Repair, Battery Replacement, Diagnostic Service]","Trusted, Reliable Repairs","New York, NY","N/A","(212) 933-9396"
"TSS Phones and Computers","4.6 (96)","[Screen Repair, Phone Repair, Computer Repair]","Reliable, Quick Service","New York, NY","N/A","(347) 279-5868"
"Ozo Geeks - Mobile Laptop & Macbook Repair Service Store","4.6 (586)","[Screen Repair, Laptop Repair, Macbook Repair]","Fast & Reliable","Brooklyn, NY","N/A","(347) 338-2589"
"Repaired Collective","4.5 (49)","[Screen Repair, iPhone Repair, Mobile Repair]","Convenient Fast Service","Brooklyn, NY","N/A","(917) 810-4109"
"Apple Wireless Brooklyn Cell Phone Repair Shop","4.3 (59)","[Screen Repair, Battery Replacement, Fast Repair]","Fast & Reliable","Brooklyn, NY","N/A","(631) 452-4198"
"iFixScreens Williamsburg Brooklyn","4.7 (901)","[Screen Repair, Water Damage, iPhone Repair]","Fast & Reliable","Brooklyn, NY","N/A","(347) 987-4357"
"Flatbush phone repairing shop","5 (251)","[Screen Repair, Battery Replacement, Fast Repair]","Fast & Affordable","Brooklyn, NY","N/A","(718) 314-3368"
"Repairs al100","5 (80)","[Screen Repair, Battery Replacement, Water Damage]","Fast, Friendly Service","Bell Gardens, CA","N/A","(323) 500-9477"
"R&R Repairs","4.5 (77)","[Screen Repair, Battery Replacement, Water Damage]","Fast, Reliable Repairs","Bell Gardens, CA","N/A","(323) 712-6239"
"phone repair 710 wireless clinic","4.7 (41)","[Screen Repair, Battery Replacement, Diagnostic Service]","Fast & Reliable","Bell, CA","N/A","(323) 362-8003"
"PHONE REPAIR MOBILETECH","4.8 (107)","[Screen Repair, Battery Replacement, Fast Repair]","Quick & Affordable","Cudahy, CA","N/A","(323) 282-8464"
"EZ Phone Repair","4.7 (84)","[Screen Repair, Battery Replacement, Diagnostic Service]","Fast & Affordable","Maywood, CA","N/A","(323) 457-9006"
"CPR Cell Phone Repair","4.5 (441)","[Screen Repair, Battery Replacement, Water Damage]","Reliable, Quick Repairs","Long Beach, CA","N/A","(562) 588-9456"
"Long Beach iRepair","4.6 (329)","[Screen Repair, Battery Replacement, Water Damage]","Fast, Reliable Repairs","Signal Hill, CA","N/A","(562) 595-2025"
"Best Cell Phone Repair","4.8 (260)","[Screen Repair, Battery Replacement, Water Damage]","Fast, Reliable Repairs","Long Beach, CA","N/A","(562) 276-8510"
"FastFix PhoneShop Lakewood","4.9 (466)","[Screen Repair, Battery Replacement, Diagnostic Service]","Reliable, Experienced Technicians","Lakewood, CA","N/A","(562) 246-0470"
"The Fix - Phone Repair, Tablet Repair and Accessories","4.8 (856)","[Screen Repair, Charging Port Cleaning, Phone Repair]","Quick & Reliable","Lakewood, CA","N/A","(562) 966-1444"
"The Fix - Phone Repair, Tablet Repair and Accessories","4.8 (1800)","[Screen Repair, Battery Replacement, Phone Repair]","Quick, Reliable Fixes","San Juan, Puerto Rico","N/A","+1 939-244-8459"
"uBreakiFix - Phone and Computer Repair","4.5 (797)","[Screen Repair, Battery Replacement, Fast Repairs]","Quick & Reliable","San Juan, Puerto Rico","N/A","+1 787-333-6044"
"Fix Pr","5 (325)","[Screen Repair, Battery Replacement, Diagnostic Service]","Quick, Reliable Fixes","San Juan, Puerto Rico","N/A","+1 787-405-5542"
"911SmartFix","4.9 (225)","[Screen Repair, Battery Replacement, Diagnostic Service]","Fast, Reliable Fixes","San Juan, Puerto Rico","N/A","+1 787-344-4995"
"PhoneFix & Shop","4.6 (164)","[Screen Repair, Battery Replacement, Diagnostic Service]","Convenient, Local Repair","San Juan, Puerto Rico","N/A","+1 787-724-4033"
"Dr. Cell Phone Lexington","4.7 (920)","[Screen Repair, Battery Replacement, Fast Repair]","Fast & Reliable","Sugar Land, TX","N/A","(832) 532-3118"
"The Fix in First Colony Mall","4.9 (1000)","[Screen Repair, Battery Replacement, Water Damage]","Fast, Reliable Repairs","Sugar Land, TX","N/A","(281) 302-8613"
"uBreakiFix - Phone and Computer Repair","4.7 (1600)","[Screen Repair, Battery Replacement, Water Damage]","Fast, Reliable Repairs","Sugar Land, TX","N/A","(281) 201-2176"
"NR Wireless","5 (116)","[Screen Repair, Fast Repair, Phone Unlocking]","Speedy, Reliable Fixes","Sugar Land, TX","N/A","(281) 912-9331"
"Mobile Cellular Repairs","4.3 (78)","[Screen Repair, Battery Replacement, Fast Repairs]","Fast & Reliable","Sugar Land, TX","N/A","(832) 710-7818"
"Direct PhoneFix","4.8 (539)","[Screen Repair, Samsung Repair, Same-Day Repair]","Fast & Affordable","Chicago, IL","N/A","(773) 384-7722"
"All Day iFix","4.9 (593)","[Screen Repair, iPhone Repair, Mobile Repair]","Friendly, Fast Service","Chicago, IL","N/A","(773) 244-8177"
"Cell N Comp Repairs","4.9 (590)","[Screen Repair, iPhone Repair, Mobile Repair]","Fast & Fair","Chicago, IL","N/A","(312) 929-9807"
"Chicago Gadgets","4.8 (1200)","[Logic Board Repair, Screen Repair, Battery Replacement]","Fast & Fair","Chicago, IL","N/A","(773) 463-9999"
"Cell N Comp Repairs","4.9 (1300)","[iPhone Repair, Water Damage, Screen Repair]","Fast, Reliable Repairs","Chicago, IL","N/A","(773) 942-4329"
"Flatbush phone repairing shop","5 (251)","[Screen Repair, Battery Replacement, Fast Repair]","Fast & Affordable","Brooklyn, NY","N/A","(718) 314-3368"
"Ozo Geeks - Mobile Laptop & Macbook Repair Service Store","4.6 (586)","[Screen Repair, Laptop Repair, Macbook Repair]","Fast & Reliable","Brooklyn, NY","N/A","(347) 338-2589"
"iPhone Doc NYC","5 (432)","[Screen Repair, Battery Replacement, Fast Repairs]","Fast & Affordable","Brooklyn, NY","N/A","(973) 996-8083"
"iFIX NYC - MacBook Phone Gaming Console and Tablet Repair","4.6 (459)","[Screen Repair, Battery Replacement, Console Repair]","Fast & Affordable","Brooklyn, NY","N/A","(718) 576-6777"
"Repaired Collective","4.5 (49)","[Screen Repair, iPhone Repair, Mobile Repair]","Convenient Fast Service","Brooklyn, NY","N/A","(917) 810-4109"
"Phone Mechanics","4.9 (35)","[Screen Repair, Battery Replacement, Water Damage]","Fast, Reliable Repairs","South Gate, CA","N/A","(323) 250-4450"
"Quik Repairs","4.7 (117)","[Screen Repair, Battery Replacement, Diagnostic Service]","Fast, Reliable Repairs","South Gate, CA","N/A","(562) 656-4622"
"Gamacell","4.9 (164)","[Screen Repair, Battery Replacement, Water Damage]","Fast, Reliable Repairs","South Gate, CA","N/A","(323) 763-2093"
"iFixandRepair - South Gate Walmart","4.6 (52)","[Screen Repair, Battery Replacement, Charging Port Repair]","Fast, Reliable Repairs","South Gate, CA","N/A","(562) 250-4950"
"All in one mobile","4.6 (36)","[Screen Repair, Battery Replacement, Water Damage]","Fast, Reliable Repairs","South Gate, CA","N/A","(310) 928-5216"
"Cell Phone Repair Techy Pearland InsideWalmart No Need Appointment IPad,Samsung,Tablets,PC ,Laptop,Gaming Consoles, Drones,VR","4.9 (1500)","[Screen Repair, Battery Replacement, Diagnostic Service]","Fast & Reliable","Pearland, TX","N/A","(832) 977-0554"
"The Phone Plug (Pearland Phone Repair)","4.9 (372)","[Screen Repair, Battery Replacement, Fast Repair]","Fast & Reliable","Pearland, TX","N/A","(832) 818-5005"
"CPR Cell Phone Repair","5 (564)","[Screen Repair, Battery Replacement, Water Damage]","Premium Quality Repairs","Pearland, TX","N/A","(281) 939-9361"
"uBreakiFix - Phone and Computer Repair","4.7 (1300)","[Screen Repair, Battery Replacement, Camera Repair]","Fast, Friendly Service","Pearland, TX","N/A","(713) 436-0848"
"Cellpoint","4.9 (532)","[Screen Repair, Phone Repair, Shattered Screen]","Fast, Reliable Service","Pearland, TX","N/A","(832) 672-5505"
"Jumptronics Phone Rescue (Cell Phone Repair)","4.9 (623)","[Screen Repair, Battery Replacement, Water Damage]","Fast, Reliable Repairs","Yukon, OK","N/A","(405) 698-9362"
"Cell Smart Yukon (Cell phone repair)","5 (72)","[Screen Repair, Phone Repair, Diagnostic Services]","Quick & Reliable","Yukon, OK","N/A","(405) 467-4191"
"fix Stop","4.6 (33)","[Screen Repair, Battery Replacement, Diagnostic Service]","Fast & Reliable","Yukon, OK","N/A","(572) 205-5927"
"Xpress Cellular Repair","4.2 (41)","[Screen Repair, iPhone Repair, Fast Repairs]","Fast & Reliable","Yukon, OK","N/A","(405) 577-6444"
"Phone Repair Oklahoma City","4.8 (20)","[Screen Repair, Battery Replacement, Water Damage]","Fast, Reliable Repairs","N/A","N/A","(405) 534-5086"
"Mobile Evolution cellphone repair and accesories","4.8 (134)","[Screen Repair, Battery Replacement, Fast Repairs]","Quick & Reliable","479 56th St","N/A","(718) 675-0278"
"Flatbush phone repairing shop","5 (251)","[Screen Repair, Battery Replacement, Fast Repair]","Fast & Affordable","1267 Flatbush Ave","N/A","(718) 314-3368"
"Tech Square Brooklyn Cell Phone Repair Shop","4.3 (69)","[Screen Repair, Battery Replacement, Diagnostic Service]","Reliable, Quick Fixes","5314 8th Ave","N/A","(347) 935-9975"
"uBreakiFix - Phone and Computer Repair","4.8 (826)","[Screen Repair, Battery Replacement, iPhone Repair]","Fast & Reliable","8612 5th Ave","N/A","(929) 998-0200"
"iFix New York - Bay Ridge","4.7 (213)","[Screen Repair, Battery Replacement, Water Damage Repair]","Expert, Reliable Repairs","8319 3rd Ave","N/A","(718) 759-9000"
"uBreakiFix - Phone and Computer Repair","4.6 (1600)","[Screen Repair, Battery Replacement, iPhone Repair]","Fast & Fair","Cedar Park, TX","N/A","(512) 456-7156"
"CellDoctor (APPLE CERTIFIED) @ Lakeline Mall, IPhone, Cell Phone Repair @Austin","4.8 (519)","[Screen Repair, Battery Replacement, iPhone Repair]","Fast & Reliable","Cedar Park, TX","N/A","(512) 589-4540"
"Star Electronics Repair & Fix - Lakeline Mall","4.6 (205)","[Screen Repair, Battery Replacement, Diagnostic Service]","Fast & Affordable","Cedar Park, TX","N/A","(512) 506-0017"
"Phone Doctor of Austin","4.6 (256)","[Screen Repair, Battery Replacement, Fast Repairs]","Quick & Reliable","Austin, TX","N/A","(512) 550-1530"
"Sour Tech","5 (27)","[Screen Repair, Battery Replacement, Water Damage]","Quality, Affordable, Fast","Cedar Park, TX","N/A","(844) 768-7349"
"Xpress Cellular Repair","4.7 (97)","[Screen Repair, iPhone Repair, Fast Repair]","Fast & Reliable","Westminster, CA","N/A","(714) 379-0379"
"FIX 4 LESS Cellphone Repair","4.9 (69)","[Screen Repair, Battery Replacement, Fast Repairs]","Fast & Reliable","Westminster, CA","N/A","(714) 768-0491"
"Cell Phone Repair Pros","4.5 (105)","[Screen Repair, Battery Replacement, Fast Repairs]","Fast & Affordable","Westminster, CA","N/A","(714) 202-6768"
"Bolsa Phone Service","5 (58)","[Screen Repair, Battery Replacement, Phone Repair]","Fast & Affordable","Westminster, CA","N/A","(714) 548-6495"
"iTechCare Repair","4.9 (53)","[Screen Repair, Phone Repair, Device Diagnostics]","Reliable, Quick Fixes","Westminster, CA","N/A","(657) 296-7175"
"The Fix - Phone Repair, Tablet Repair and Accessories","4.9 (1200)","[Screen Repair, Battery Replacement, Quick Diagnostics]","Fast & Affordable","Frisco, TX","N/A","(972) 880-5848"
"uBreakiFix - Phone and Computer Repair","4.7 (692)","[Screen Repair, Battery Replacement, Fast Repairs]","Fast & Reliable","Frisco, TX","N/A","(214) 407-8550"
"CPR Cell Phone Repair","4.7 (355)","[Battery Replacement, Screen Repair, Phone Diagnostic]","Fast, Reliable Service","Frisco, TX","N/A","(469) 238-2980"
"Celltech | Cell Phone Repair Frisco","4.4 (374)","[Screen Repair, Camera Repair, Battery Replacement]","Fast & Reliable","Frisco, TX","N/A","(817) 800-7577"
"Dr. Cell Phone Repair | Frisco","4.6 (625)","[Screen Repair, Battery Replacement, Water Damage]","Reliable, Fast Repairs","Frisco, TX","N/A","(214) 308-9190"
"Mobile Go Repair Edinburg","5 (771)","[Screen Repair, Battery Replacement, Fast Repairs]","Fast & Reliable","Edinburg, TX","N/A","(956) 899-6907"
"uBreakiFix - Phone and Computer Repair","4.8 (347)","[Screen Repair, Battery Replacement, Same-Day Repair]","Fast & Reliable","Edinburg, TX","N/A","(956) 329-1080"
"Smart Phone Medic","4.4 (329)","[Screen Repair, Battery Replacement, Quick Diagnostics]","Fast & Affordable","Edinburg, TX","N/A","(956) 329-1176"
"Mr. Fix My Phone","4.5 (64)","[Screen Repair, Battery Replacement, Diagnostic Service]","Fast & Reliable","Edinburg, TX","N/A","(956) 636-5656"
"Cellairis","4.6 (159)","[Screen Repair, iPhone Repair, Mobile Repair]","Fast, Reliable Service","Edinburg, TX","N/A","(956) 247-2529"
"PHONE CITY | Phone Repair | Passport Photo | Money Transfer","4.9 (234)","[Screen Repair, Battery Replacement, Passport Photos]","Reliable, Quick Fixes","Brooklyn, NY","N/A","(347) 713-1537"
"Flatbush phone repairing shop","5 (251)","[Screen Repair, Battery Replacement, Fast Repair]","Fast & Affordable","Brooklyn, NY","N/A","(718) 314-3368"
"Phone Pros","4.9 (43)","[Screen Repair, Battery Replacement, Fast Repairs]","Fast & Affordable","Brooklyn, NY","N/A","(929) 888-3328"
"Ozo Geeks - Mobile Laptop & Macbook Repair Service Store","4.6 (586)","[Screen Repair, Laptop Repair, Macbook Repair]","Fast & Reliable","Brooklyn, NY","N/A","(347) 338-2589"
"Repairs Bay","4.7 (405)","[Screen Repair, Battery Replacement, Water Damage]","Premium Quality Repairs","Brooklyn, NY","N/A","(718) 650-5757"
"Midway Cell Phone Repair","4.8 (38)","[Screen Repair, Battery Replacement, Fast Repairs]","Fast & Reliable","Chicago, IL","N/A","(773) 584-7592"
"Simple Fix - Phone and Computer Repair","4.7 (450)","[Screen Repair, Battery Replacement, Fast Repair]","Fast & Affordable","Chicago, IL","N/A","(773) 245-9928"
"Jd Phone Repair","5 (24)","[Screen Repair, Battery Replacement, Fast Repair]","Fast, Reliable Service","Chicago, IL","N/A","(773) 234-1660"
"Device Fix","4.8 (90)","[iPhone Repair, Screen Repair, Quick Fixes]","Fast & Reliable","Chicago, IL","N/A","(773) 636-0875"
"Xtreme Mobile Inc.","4.9 (254)","[Screen Repair, iPhone Repair, Fast Repair]","Fast & Reliable","Chicago, IL","N/A","(773) 581-8111"
"Cell Phone Repair SKT","4.8 (270)","[Water Damage Repair, Screen Repair, Fast Repair]","Fast & Reliable","Brooklyn, NY","N/A","(917) 858-0794"
"Flatbush phone repairing shop","5 (251)","[Screen Repair, Battery Replacement, Fast Repair]","Fast & Affordable","Brooklyn, NY","N/A","(718) 314-3368"
"Phone Fix & Smart Tech INC","5 (2)","[Screen Repair, Battery Replacement, Diagnostic Service]","Fast, Reliable Repairs","Brooklyn, NY","N/A","(631) 992-3323"
"Ozo Geeks - Mobile Laptop & Macbook Repair Service Store","4.6 (586)","[Screen Repair, Laptop Repair, Macbook Repair]","Fast & Reliable","Brooklyn, NY","N/A","(347) 338-2589"
"CELL PHONE FIX & REPAIR SUNSHINE WIRELESS","4.6 (99)","[Screen Repair, Samsung Repair, Mobile Repair]","Quick & Reasonable","Brooklyn, NY","N/A","(646) 499-6020"
"GadgetWorx","4.9 (208)","[Screen Repair, Battery Replacement, Fast Repair]","Speedy & Reliable","Hesperia, CA","N/A","(951) 824-0141"
"The Fix Walmart Hesperia","5 (1500)","[Screen Repair, Battery Replacement, iPhone Repair]","Fast & Affordable","Hesperia, CA","N/A","(760) 373-6334"
"uBreakiFix - Phone and Computer Repair","4.4 (169)","[Screen Repair, Battery Replacement, Fast Repair]","Fast Turnaround Time","Hesperia, CA","N/A","(760) 956-7400"
"iRepair Medic LLC","4.7 (138)","[Screen Repair, Battery Replacement, Diagnostic Service]","Fast & Affordable","Hesperia, CA","N/A","(760) 265-1273"
"Cellairis SanMarcos (Phone Repair in San Marcos Inside Walmart) Apple, Samsung, Tablets, Laptops, Game Consoles, Drones,VR","5 (3700)","[Screen Repair, Battery Replacement, Water Damage]","Fast, Reliable Repairs","San Marcos, TX","N/A","(210) 573-7097"
"uBreakiFix - Phone and Computer Repair","4.4 (376)","[Screen Repair, Battery Replacement, Diagnostic Service]","Competitive Pricing","San Marcos, TX","N/A","(512) 210-8277"
"Repair Plus San Marcos","4.8 (194)","[Screen Repair, Battery Replacement, iPhone Repair]","Lowest Price Guaranteed","San Marcos, TX","N/A","(737) 355-2135"
"1Up Repairs","4.4 (252)","[Screen Repair, Battery Replacement, Water Damage]","Fast, Reliable Repairs","San Marcos, TX","N/A","(512) 271-2000"
"Mobile Phone Geeks","4.2 (254)","[Screen Repair, Battery Replacement, Phone Diagnostics]","Fast, Reliable Repairs","San Marcos, TX","N/A","(512) 393-2800"
"Xclusif Cell iPhone Repair","4.6 (359)","[Screen Repair, Charger Port Repair, iPhone Repair]","Fast & Reliable","Riverside, CA","N/A","(951) 660-1212"
"The FIX","4.5 (639)","[Screen Repair, Case Sales, Screen Protectors]","Fast & Affordable","Riverside, CA","N/A","(951) 286-1168"
"D & R Electronix Cell Phone Repairs iPhone Samsung - Riverside","4.4 (196)","[Screen Repair, Battery Replacement, Water Damage]","Fast & Affordable","Riverside, CA","N/A","(951) 446-7888"
"Wo Phone Design Computer Plus","4.9 (500)","[iPhone Repair, Screen Repair, Fast Repair]","Fast & Reliable","Riverside, CA","N/A","(951) 687-1469"
"iFx4u","4.6 (132)","[Screen Repair, Battery Replacement, Diagnostic Services]","Fast & Reliable","Riverside, CA","N/A","(951) 566-1228"
"uBreakiFix - Phone and Computer Repair","4.8 (1000)","[Screen Repair, Battery Replacement, Charger Repair]","Fast, Friendly Service","Lehi, UT","N/A","(801) 331-8011"
"Batteries Plus Phone Repair","4.6 (70)","[Screen Repair, Battery Replacement, Phone Repair]","Convenient, Fast Service","Lehi, UT","N/A","(801) 991-2035"
"ZAGG Traverse Mountain","4.9 (1400)","[Screen Repair, Phone Repair, Device Protection]","Lightning Fast Service","Lehi, UT","N/A","(801) 341-8094"
"FixIT Mobile - American Fork","4.8 (1400)","[Screen Repair, Phone Repair, Mobile Repair]","Reliable, Fast Service","American Fork, UT","N/A","(385) 625-6576"
"QuickFix Mobile Windshield Repair & Replace, LLC","5 (925)","[Windshield Repair, Windshield Replacement, Mobile Service]","Fast & Reliable","Lehi, UT","N/A","(385) 368-7798"
"iFixandRepair - Richmond inside H-E-B Cellphone, Tablet, Computer, Game Console Repair","5 (402)","[Screen Repair, Battery Replacement, Diagnostic Service]","Fast & Reliable","Richmond, TX","N/A","(346) 608-5146"
"CPR Cell Phone Repair","4.9 (182)","[Screen Repair, Battery Replacement, Fast Repairs]","Fast, Reliable Service","Richmond, TX","N/A","(713) 429-0908"
"CPR Cell Phone Repair","4.7 (974)","[Screen Repair, Battery Replacement, iPhone Repair]","Fast, Reliable Service","Richmond, TX","N/A","(281) 594-8229"
"Alpha Fix | 15 Minutes Repair","4.8 (445)","[Screen Repair, Battery Replacement, Fast Repairs]","Speedy & Reliable","Richmond, TX","N/A","(346) 702-9909"
"Alpha Fix | 15 Minutes Repair","4.8 (280)","[Screen Repair, Battery Replacement, Charging Port Repair]","Fast & Affordable","Richmond, TX","N/A","(346) 464-2742"
"Mobile gadget repair","4.9 (52)","[Screen Repair, Battery Replacement, Quick Diagnostics]","Fast & Reliable","Suwanee, GA","N/A","(770) 495-0255"
"Celltronics - Phone & Laptop Repair Buy & Sell Phones","4.9 (102)","[Screen Repair, Battery Replacement, Phone Sales]","Fast & Reliable","Suwanee, GA","N/A","(770) 377-7661"
"Cellairis Cellphone Store Inside Walmart - Suwanee","4.9 (2600)","[Screen Repair, Battery Replacement, Phone Cases]","Fast & Reliable","Suwanee, GA","N/A","(470) 323-6452"
"CCR Repair llc","4.9 (460)","[Screen Repair, Battery Replacement, Fast Repairs]","Fast & Affordable","Suwanee, GA","N/A","(404) 838-6256"
"Repairable Gadgets - Wholesale Cell Phones, Tablets, Laptop Repairs, Accessories, Parts & Micro soldering (Buford GA)","4.7 (57)","[Screen Repair, Battery Replacement, Micro Soldering]","Fast & Reliable","N/A","N/A","(404) 319-0745"
"We fix Phones","5 (8)","[Screen Repair, Battery Replacement, Water Damage]","Honest & Reliable","Brooklyn, NY","N/A","(646) 382-0778"
"Flatbush phone repairing shop","5 (251)","[Screen Repair, Battery Replacement, Fast Repair]","Fast & Affordable","Brooklyn, NY","N/A","(718) 314-3368"
"CELL PHONE FIX & REPAIR SUNSHINE WIRELESS","4.6 (99)","[Screen Repair, Samsung Repair, Mobile Repair]","Quick & Reasonable","Brooklyn, NY","N/A","(646) 499-6020"
"Ozo Geeks - Mobile Laptop & Macbook Repair Service Store","4.6 (586)","[Screen Repair, Laptop Repair, Macbook Repair]","Fast & Reliable","Brooklyn, NY","N/A","(347) 338-2589"
"Cell Phone Repair SKT","4.8 (270)","[Water Damage Repair, Screen Repair, Fast Repair]","Fast & Reliable","Brooklyn, NY","N/A","(917) 858-0794"
